<?xml version="1.0" encoding="UTF-8"?>
<project-private xmlns="http://www.netbeans.org/ns/project-private/1">
    <editor-bookmarks xmlns="http://www.netbeans.org/ns/editor-bookmarks/2" lastBookmarkId="0"/>
    <open-files xmlns="http://www.netbeans.org/ns/projectui-open-files/2">
        <group>
            <file>file:/home/carlos/NetBeansProjects/JavaAdv/Clase04/src/sockets/App.java</file>
            <file>file:/home/carlos/NetBeansProjects/JavaAdv/Clase04/src/sockets/ServerMinimo.java</file>
            <file>file:/home/carlos/NetBeansProjects/JavaAdv/Clase04/src/chat/Chat.java</file>
            <file>file:/home/carlos/NetBeansProjects/JavaAdv/Clase04/src/chat/TxaSwing.java</file>
            <file>file:/home/carlos/NetBeansProjects/JavaAdv/Clase04/src/chat/I_Txa.java</file>
            <file>file:/home/carlos/NetBeansProjects/JavaAdv/Clase04/src/saludo/Empleado.java</file>
            <file>file:/home/carlos/NetBeansProjects/JavaAdv/Clase04/src/saludo/Saludo.java</file>
            <file>file:/home/carlos/NetBeansProjects/JavaAdv/Clase04/src/serializado/ServerSerializado.java</file>
            <file>file:/home/carlos/NetBeansProjects/JavaAdv/Clase04/src/sockets/ClienteMinimo.java</file>
            <file>file:/home/carlos/NetBeansProjects/JavaAdv/Clase04/src/serializado/Persona.java</file>
            <file>file:/home/carlos/NetBeansProjects/JavaAdv/Clase04/src/chat/MapaDirecciones.java</file>
            <file>file:/home/carlos/NetBeansProjects/JavaAdv/Clase04/src/serializado/App.java</file>
            <file>file:/home/carlos/NetBeansProjects/JavaAdv/Clase04/src/sockets/ClienteMinimo2.java</file>
            <file>file:/home/carlos/NetBeansProjects/JavaAdv/Clase04/src/chat/ServerChat.java</file>
            <file>file:/home/carlos/NetBeansProjects/JavaAdv/Clase04/src/saludo/App.java</file>
        </group>
    </open-files>
</project-private>
