<?xml version="1.0" encoding="UTF-8"?>
<project-private xmlns="http://www.netbeans.org/ns/project-private/1">
    <editor-bookmarks xmlns="http://www.netbeans.org/ns/editor-bookmarks/2" lastBookmarkId="0"/>
    <open-files xmlns="http://www.netbeans.org/ns/projectui-open-files/2">
        <group>
            <file>file:/home/carlos/NetBeansProjects/JavaAdv/Clase05/src/serializado/ClienteSerializado.java</file>
            <file>file:/home/carlos/NetBeansProjects/JavaAdv/Clase05/src/ocp/App.java</file>
            <file>file:/home/carlos/NetBeansProjects/JavaAdv/Clase05/src/serializado/Persona.java</file>
            <file>file:/home/carlos/NetBeansProjects/JavaAdv/Clase05/src/serializado/ServerSerializado.java</file>
        </group>
    </open-files>
</project-private>
